REGION	POS	REF	ALT	REF_DP	REF_RV	REF_QUAL	ALT_DP	ALT_RV	ALT_QUAL	ALT_FREQ	TOTAL_DP	PVAL	PASS	GFF_FEATURE	REF_CODON	REF_AA	ALT_CODON	ALT_AA
MG012440	418	C	T	0	0	0	1687	0	38	0.999408	1688	0	TRUE		GTC	V	GTT	V
MG012440	427	C	T	2	0	39	1685	3	38	0.998814	1687	0	TRUE		ATC	I	ATT	I
MG012440	481	C	T	0	0	0	1083	220	38	1	1083	0	TRUE		GAC	D	GAT	D
MG012440	871	C	G	0	0	0	1771	783	39	1	1771	0	TRUE		CGC	R	CGG	R
MG012440	979	C	T	2149	2042	37	303	292	34	0.123573	2452	6.9624e-96	TRUE		GGC	G	GGT	G
MG012440	1111	C	T	1	0	39	2627	879	42	0.999619	2628	0	TRUE		ACC	T	ACT	T
MG012440	1129	T	C	0	0	0	2857	1245	42	0.99965	2858	0	TRUE		ATT	I	ATC	I
MG012440	1162	G	A	0	0	0	2746	1714	42	1	2746	0	TRUE		GAG	E	GAA	E
MG012440	1249	A	G	1	1	39	2223	1898	38	0.99955	2224	0	TRUE		GAA	E	GAG	E
MG012440	1348	G	A	0	0	0	2879	353	38	1	2879	0	TRUE		ACG	T	ACA	T
MG012440	1363	G	A	3	0	38	2901	400	40	0.998967	2904	0	TRUE		TTG	L	TTA	L
MG012440	1405	T	C	2	0	35	2572	741	40	0.998447	2576	0	TRUE		GAT	D	GAC	D
MG012440	1501	G	A	0	0	0	1950	1409	41	1	1950	0	TRUE		AAG	K	AAA	K
MG012440	1594	C	T	0	0	0	1174	123	38	1	1174	0	TRUE		GGC	G	GGT	G
MG012440	2029	A	G	0	0	0	2439	1940	38	1	2439	0	TRUE		CAA	Q	CAG	Q
MG012440	2089	T	C	1	1	38	3502	3360	37	0.999715	3503	0	TRUE		AAT	N	AAC	N
MG012440	2137	G	A	1	1	39	3449	3449	38	0.998842	3453	0	TRUE		ACG	T	ACA	T
MG012440	2599	C	T	23	9	43	12563	4987	46	0.997776	12591	0	TRUE		TAC	Y	TAT	Y
MG012440	3061	T	C	4	4	34	4859	4859	38	0.998561	4866	0	TRUE		TAT	Y	TAC	Y
MG012440	3079	T	C	4	4	36	4901	4901	36	0.998167	4910	0	TRUE		ATT	I	ATC	I
MG012440	3148	T	C	0	0	0	1950	619	37	1	1950	0	TRUE		CGT	R	CGC	R
MG012440	3168	G	C	0	0	0	1944	707	37	1	1944	0	TRUE		GGC	G	GCC	A
MG012440	3290	G	A	1	1	37	4494	4190	38	0.999555	4496	0	TRUE		GCA	A	ACA	T
MG012440	3550	G	A	9920	7694	42	856	840	25	0.0794284	10777	2.45103e-166	TRUE		GTG	V	GTA	V
MG012440	3649	T	C	1	0	33	7547	0	38	0.999868	7548	0	TRUE		CTT	L	CTC	L
MG012440	3784	T	C	1	0	30	3509	1314	37	0.999715	3510	0	TRUE		TAT	Y	TAC	Y
MG012440	3862	A	G	0	0	0	4170	4008	38	1	4170	0	TRUE		TTA	L	TTG	L
MG012440	4052	G	A	2	1	37	4757	3203	40	0.99958	4759	0	TRUE		GAA	E	AAA	K
MG012440	4057	T	C	6	6	38	5249	3710	38	0.998478	5257	0	TRUE		CAT	H	CAC	H
MG012440	4459	C	A	0	0	0	2724	0	38	0.999633	2725	0	TRUE		TCC	S	TCA	S
MG012440	4564	T	C	0	0	0	434	22	37	1	434	5.94496e-267	TRUE		CAT	H	CAC	H
MG012440	4633	G	A	3	3	37	1138	1113	37	0.997371	1141	0	TRUE		GTG	V	GTA	V
MG012440	4969	C	T	17757	15000	41	1179	981	40	0.0622426	18942	0	TRUE		GCC	A	GCT	A
MG012440	5182	C	T	11306	2005	39	1046	21	38	0.0846552	12356	7.04098e-315	TRUE		TCC	S	TCT	S
MG012440	5309	C	A	10798	9743	39	595	466	39	0.0522067	11397	7.51012e-169	TRUE		CTG	L	ATG	M
MG012440	5731	A	G	4	0	38	12407	0	37	0.999517	12413	0	TRUE		GGA	G	GGG	G
MG012440	6145	T	C	2	2	36	6057	1783	39	0.99967	6059	0	TRUE		GGT	G	GGC	G
MG012440	6227	A	G	7377	5476	39	1509	1485	37	0.169799	8887	0	TRUE		ATC	I	GTC	V
MG012440	6430	C	T	4	3	33	12909	8657	41	0.999535	12915	0	TRUE		AAC	N	AAT	N
MG012440	6721	C	T	6	3	44	15793	8841	39	0.999494	15801	0	TRUE		GGC	G	GGT	G
MG012440	6830	C	T	12	10	40	30484	17958	45	0.999443	30501	0	TRUE		CTG	L	TTG	L
MG012440	6850	T	C	16	4	42	34688	22941	44	0.999337	34711	0	TRUE		TTC	F	CTC	L
MG012440	6850	T	C	16	4	42	34688	22941	44	0.999337	34711	0	TRUE		TTC	F	CTC	L
MG012440	6954	T	C	18	0	35	17020	265	38	0.99824	17050	0	TRUE		TAT	Y	TAC	Y
MG012440	6954	T	C	18	0	35	17020	265	38	0.99824	17050	0	TRUE		TAT	Y	TAC	Y
MG012440	7320	T	C	4	4	39	10240	6635	39	0.999024	10250	0	TRUE		ACT	T	ACC	T
MG012440	7320	T	C	4	4	39	10240	6635	39	0.999024	10250	0	TRUE		ACT	T	ACC	T
